trial,score,challenge score
0,0.9599999785423279,0.846666693687439
1,0.9629999995231628,0.846666693687439
