trial,score,challenge score
0,0.9574999809265137,0.846666693687439
1,0.9595000147819519,0.800000011920929
