trial,score,challenge score
0,0.9729999899864197,0.9066666960716248
1,0.9710000157356262,0.9133333563804626
